tag,x,y,duty,n_on,onsets,span,peak,lag,peaks
cand,1107,218,0.0172,129,5,0.097,0.85,4,
cand,1825,962,0.201,1506,53,0.83,0.846,4,43|45|51
cand,1313,140,0.0227,170,14,0.108,0.765,4,39|46|51|53
cand,151,388,0.0264,198,6,0.094,0.933,4,
cand,263,256,0.1421,1065,31,0.737,0.882,4,
cand,136,314,0.0144,108,5,0.09,0.859,4,
cand,157,230,0.3105,2327,1120,0.999,0.979,20,7|13|20|27|33|40|47|53
cand,113,285,0.0231,173,5,0.096,0.911,4,
cand,1848,634,0.0475,356,24,0.751,0.756,4,
cand,140,30,0.0311,233,10,0.173,0.885,4,
cand,1057,113,0.0189,142,18,0.114,0.67,4,9|13|24|29|34|38
cand,529,125,0.0089,67,6,0.088,0.774,4,23|43
cand,130,398,0.0227,170,7,0.095,0.916,4,
cand,1638,840,0.0149,112,8,0.096,0.782,4,
cand,1630,733,0.0231,173,6,0.096,0.899,4,
cand,1641,674,0.0224,168,5,0.095,0.903,4,
cand,1781,200,0.2362,1770,1118,0.999,0.921,20,7|13|20|27|33|40|47|54
cand,1153,107,0.239,1791,1107,0.999,0.919,27,7|14|20|27|34|41|47|54
cand,1745,892,0.0191,143,6,0.094,0.829,4,
cand,1804,885,0.024,180,6,0.561,0.892,4,
cand,1095,113,0.3131,2346,1038,0.999,0.961,36,7|14|22|29|36|43|50
cand,1905,610,0.0113,85,3,0.529,0.857,4,
cand,1645,648,0.0212,159,5,0.097,0.891,4,
cand,1765,863,0.0132,99,6,0.09,0.826,4,
cand,50,459,0.0227,170,6,0.094,0.928,4,
cand,1626,1014,0.0318,238,6,0.502,0.905,4,
cand,206,250,0.4466,3347,21,0.871,0.962,4,
cand,952,286,0.0115,86,5,0.092,0.8,4,
cand,1860,817,0.0284,213,14,0.362,0.759,4,
cand,1660,301,0.0121,91,5,0.091,0.833,4,39
cand,302,178,0.1017,762,14,0.731,0.928,4,
cand,1618,673,0.025,187,5,0.096,0.912,4,
cand,861,300,0.0097,73,6,0.09,0.779,4,
cand,1819,234,0.2429,1820,1052,0.999,0.895,7,7|14|21|28|36|43|50
cand,1750,786,0.0148,111,11,0.682,0.68,4,32
cand,1845,461,0.0204,153,7,0.417,0.813,4,
cand,1730,829,0.0219,164,4,0.094,0.9,4,
cand,1166,112,0.0323,242,11,0.107,0.885,4,
cand,1648,628,0.0183,137,9,0.096,0.851,4,47
cand,1807,730,0.02,150,8,0.256,0.782,4,
cand,509,124,0.0107,80,6,0.087,0.836,4,40|42|47
cand,1083,106,0.1918,1437,59,0.969,0.823,4,52
cand,1846,738,0.0189,142,9,0.6,0.777,4,
cand,301,305,0.0242,181,3,0.095,0.949,4,
cand,1621,609,0.0208,156,6,0.701,0.856,4,
cand,1635,712,0.023,172,8,0.096,0.893,4,
cand,98,427,0.0165,124,6,0.091,0.893,4,
cand,1827,224,0.0101,76,27,0.776,0.495,4,36|40
cand,1077,120,0.0235,176,12,0.221,0.808,4,
cand,1328,144,0.0117,88,10,0.101,0.644,4,48|50|54
cand,140,242,0.0193,145,105,0.96,0.283,20,7|13|20
cand,62,328,0.0108,81,9,0.09,0.788,4,
cand,449,175,0.0097,73,4,0.09,0.779,4,
cand,1409,135,0.0091,68,11,0.097,0.57,4,
cand,529,682,0.3643,2730,5,0.367,0.992,4,16|39
cand,1027,92,0.0823,617,17,0.603,0.906,4,53
cand,386,336,0.0629,471,30,0.694,0.819,4,25
cand,1649,999,0.0112,84,5,0.089,0.831,4,
cand,779,284,0.0104,78,7,0.09,0.767,4,
cand,459,728,0.3626,2717,3,0.365,0.994,4,45
cand,902,3,0.0071,53,12,0.098,0.582,4,42
cand,1057,81,0.2379,1783,216,0.99,0.581,4,11|19|24|36|46|49
cand,1685,288,0.0167,125,5,0.102,0.862,4,
cand,234,649,0.364,2728,6,0.366,0.993,4,42|46|52
cand,1337,143,0.0093,70,9,0.101,0.51,4,
cand,159,349,0.014,105,6,0.091,0.855,4,
cand,1720,702,0.0215,161,4,0.096,0.898,4,
cand,1132,192,0.012,90,5,0.094,0.809,4,
cand,1804,894,0.0119,89,7,0.095,0.784,4,
cand,1854,830,0.0355,266,16,0.335,0.797,4,
cand,1664,245,0.0136,102,5,0.092,0.851,4,
cand,1778,724,0.0123,92,7,0.607,0.714,4,35
cand,175,124,0.014,105,10,0.557,0.73,4,
cand,235,237,0.0173,130,5,0.343,0.859,4,
cand,1780,212,0.0608,456,421,0.989,0.437,7,7|14|21|43|50
cand,1673,263,0.0219,164,5,0.102,0.9,4,
cand,1722,955,0.0181,136,3,0.092,0.933,4,
cand,198,661,0.3638,2726,6,0.366,0.993,4,41|45|51
cand,1186,117,0.016,120,7,0.096,0.839,4,
cand,831,302,0.01,75,5,0.09,0.785,4,
cand,1842,504,0.0346,259,69,0.982,0.396,4,
cand,1739,753,0.0264,198,8,0.357,0.875,4,
cand,1916,549,0.0099,74,8,0.533,0.591,4,
cand,1710,674,0.0112,84,5,0.088,0.807,4,
cand,1792,816,0.0137,103,4,0.093,0.842,4,
cand,583,110,0.0108,81,4,0.089,0.838,4,
cand,267,279,0.0108,81,3,0.089,0.863,4,
cand,923,32,0.0097,73,10,0.1,0.668,4,29|42
cand,1616,868,0.0184,138,7,0.092,0.852,4,9
cand,525,141,0.0088,66,6,0.088,0.786,4,
cand,266,290,0.0151,113,3,0.092,0.919,4,
cand,95,438,0.0176,132,6,0.091,0.877,4,
cand,924,277,0.0109,82,5,0.092,0.79,4,
cand,139,368,0.0248,186,4,0.096,0.939,4,
cand,1695,824,0.0227,170,6,0.307,0.886,4,
cand,1067,85,0.0391,293,42,0.454,0.709,4,18|24|30|34|38|40|42|45|49
cand,1815,751,0.0169,127,10,0.693,0.704,4,
cand,1811,794,0.0814,610,19,0.91,0.868,4,
cand,1913,1079,0.0092,69,7,0.369,0.59,4,
cand,932,293,0.0107,80,5,0.092,0.785,4,
cand,250,239,0.0592,444,16,0.864,0.876,4,
cand,973,291,0.0203,152,9,0.103,0.792,4,20|30
cand,1673,292,0.0116,87,3,0.089,0.895,4,
cand,42,354,0.0115,86,8,0.145,0.812,4,
cand,118,369,0.0219,164,6,0.094,0.913,4,
cand,1797,948,0.0089,67,10,0.093,0.578,4,21|23|34|36
cand,386,232,0.0199,149,7,0.095,0.877,4,
cand,49,395,0.0099,74,6,0.092,0.85,4,32
cand,1828,849,0.0578,433,15,0.672,0.853,4,
cand,702,82,0.0107,80,7,0.094,0.76,4,18|26
cand,147,147,0.2122,1590,993,1.0,0.938,15,8|15|23|30|38|45|53
cand,167,263,0.0243,182,5,0.096,0.921,4,
cand,969,301,0.0279,209,10,0.104,0.867,4,
cand,1765,782,0.02,150,8,0.607,0.783,4,
cand,1748,964,0.0165,124,12,0.699,0.688,4,
cand,923,17,0.0083,62,12,0.098,0.593,4,8|46
cand,711,76,0.0231,173,19,0.112,0.751,4,12|17|19|35|39|43|49
cand,1178,112,0.0175,131,5,0.097,0.868,4,
cand,1356,151,0.0107,80,14,0.105,0.52,4,35
cand,1319,161,0.0157,118,10,0.105,0.759,4,
cand,1805,218,0.0827,620,568,0.995,0.618,7,7|14|21|36|43|50
cand,842,305,0.0101,76,5,0.09,0.787,4,
cand,807,315,0.0107,80,4,0.09,0.798,4,
cand,377,315,0.0234,175,8,0.095,0.901,4,14
cand,245,327,0.0183,137,5,0.094,0.941,4,
cand,49,416,0.0103,77,4,0.091,0.856,4,
cand,1825,525,0.0218,163,29,0.961,0.542,4,
cand,1730,842,0.0212,159,9,0.145,0.871,4,
cand,1711,955,0.0105,79,4,0.091,0.795,4,
cand,142,234,0.0192,144,110,0.969,0.242,20,20
cand,401,329,0.0161,121,10,0.091,0.84,4,27
cand,1840,599,0.0168,126,9,0.709,0.758,4,
cand,1126,181,0.0117,88,8,0.097,0.77,4,
cand,1650,613,0.021,157,6,0.097,0.883,4,
cand,1862,694,0.0383,287,9,0.416,0.87,4,
cand,1728,709,0.0256,192,5,0.099,0.925,4,
cand,1857,832,0.0168,126,9,0.254,0.717,4,
cand,937,20,0.0083,62,11,0.098,0.593,4,
cand,705,75,0.0193,145,13,0.35,0.761,4,14|27|31
cand,1085,134,0.0128,96,5,0.102,0.789,4,25|28|54
cand,1094,136,0.0091,68,7,0.1,0.688,4,25|29
cand,1108,159,0.0113,85,6,0.099,0.81,4,
cand,84,177,0.211,1581,1127,0.999,0.922,53,7|13|20|27|33|40|46|53
cand,1135,183,0.0112,84,7,0.097,0.759,4,50|54
cand,272,227,0.0095,71,10,0.091,0.588,4,13|30|33|44|47
cand,161,262,0.0236,177,10,0.227,0.838,4,18
cand,849,294,0.0111,83,5,0.092,0.793,4,
cand,3,312,0.2537,1901,18,0.836,0.953,4,
cand,41,343,0.012,90,6,0.091,0.876,4,
cand,307,596,0.3628,2719,6,0.366,0.993,4,37|41|48
cand,1825,606,0.0266,199,16,0.792,0.737,4,
cand,1633,694,0.0212,159,4,0.093,0.916,4,
cand,1649,712,0.018,135,6,0.092,0.879,4,
cand,900,49,0.0522,391,15,0.191,0.906,4,
cand,1319,152,0.0113,85,11,0.106,0.56,4,17|40
cand,1125,170,0.0115,86,9,0.097,0.729,4,26|29|32
cand,66,342,0.0096,72,5,0.087,0.846,4,
cand,93,376,0.0145,109,5,0.092,0.898,4,
cand,1828,601,0.022,165,10,0.419,0.771,4,
cand,815,34,0.0105,79,10,0.097,0.693,4,45|50
cand,801,60,0.0103,77,10,0.098,0.711,4,50
cand,1016,87,0.0258,193,19,0.106,0.761,4,
cand,1188,125,0.0195,146,7,0.098,0.853,4,
cand,1079,141,0.0165,124,17,0.643,0.598,4,13
cand,1347,150,0.0156,117,14,0.103,0.67,4,20|26|38
cand,180,252,0.0234,175,16,0.77,0.731,4,
cand,1662,278,0.0109,82,6,0.093,0.815,4,24
cand,979,283,0.0117,88,7,0.092,0.793,4,42
cand,799,292,0.0101,76,4,0.09,0.787,4,
cand,916,291,0.0107,80,4,0.09,0.798,4,
cand,853,295,0.0111,83,5,0.092,0.793,4,
cand,958,296,0.0107,80,4,0.09,0.798,4,
cand,24,303,0.1058,793,20,0.962,0.9,4,
cand,823,306,0.0104,78,4,0.09,0.793,4,
cand,57,309,0.0105,79,10,0.089,0.731,4,8|11|16|22|24
cand,194,315,0.0693,519,26,0.992,0.829,4,
cand,466,318,0.0111,83,8,0.09,0.72,4,27|45
cand,246,320,0.0183,137,5,0.097,0.896,4,
cand,66,334,0.0096,72,7,0.09,0.79,4,9
cand,245,333,0.0172,129,3,0.094,0.929,4,
cand,140,358,0.0173,130,5,0.093,0.914,4,
cand,118,373,0.0181,136,5,0.094,0.918,4,
cand,117,377,0.0226,169,5,0.094,0.933,4,
cand,46,385,0.0125,94,6,0.092,0.881,4,31
cand,1840,471,0.036,270,89,0.981,0.366,4,
cand,1813,499,0.0168,126,37,0.889,0.483,6,6|24
cand,1871,525,0.0398,298,71,0.953,0.416,4,
cand,1684,557,0.0121,91,4,0.088,0.822,4,
cand,1805,572,0.093,697,328,0.992,0.198,4,
cand,1911,626,0.0104,78,5,0.198,0.741,4,
cand,1650,662,0.0196,147,4,0.094,0.924,4,
cand,1837,663,0.0108,81,5,0.153,0.75,4,
cand,1793,690,0.0239,179,11,0.637,0.811,4,
cand,1650,706,0.0156,117,5,0.093,0.861,4,51|54
cand,1859,717,0.0755,566,58,0.924,0.717,4,
cand,804,34,0.0097,73,11,0.097,0.682,4,14|42|46|50|54
cand,812,34,0.0096,72,10,0.097,0.677,4,42|45|49|54
cand,926,53,0.0347,260,12,0.117,0.853,4,40
cand,1015,63,0.0177,133,22,0.675,0.61,4,18
cand,1014,80,0.0363,272,16,0.108,0.824,4,29|33|38|42
cand,708,84,0.0099,74,8,0.092,0.7,4,27|29|36
cand,1007,96,0.0547,410,23,0.645,0.861,4,
cand,1033,98,0.0543,407,15,0.119,0.904,4,
cand,691,102,0.0109,82,8,0.094,0.815,4,
cand,1082,124,0.0169,127,18,0.411,0.648,4,17
cand,1183,124,0.018,135,5,0.097,0.872,4,
cand,29,132,0.1581,1185,19,0.831,0.935,4,
cand,1117,156,0.0109,82,9,0.098,0.729,4,
cand,1324,162,0.0123,92,14,0.104,0.56,4,11|19|30|54
cand,1335,166,0.0083,62,9,0.103,0.512,4,13
cand,1081,178,0.0111,83,9,0.098,0.72,4,
cand,1081,182,0.0145,109,7,0.098,0.814,4,
cand,381,205,0.0231,173,4,0.095,0.941,4,
cand,1700,215,0.0193,145,5,0.092,0.902,4,
cand,259,259,0.0283,212,21,0.729,0.704,4,
cand,514,260,0.0201,151,8,0.101,0.872,4,49
cand,56,276,0.0464,348,17,0.929,0.825,4,
cand,1667,283,0.0128,96,3,0.092,0.894,4,
cand,1677,283,0.0222,166,9,0.189,0.889,4,
cand,352,285,0.2034,1524,18,0.86,0.946,4,
cand,153,297,0.0121,91,6,0.09,0.8,4,
cand,835,301,0.0103,77,5,0.09,0.79,4,
cand,88,316,0.0109,82,7,0.089,0.753,4,26
cand,382,315,0.0131,98,10,0.092,0.773,4,15|17
cand,960,322,0.0452,339,16,0.653,0.824,4,23
cand,193,334,0.0171,128,10,0.094,0.857,4,54
cand,414,337,0.0256,192,2,0.097,0.957,4,
cand,42,358,0.0112,84,5,0.09,0.868,4,
cand,272,364,0.0151,113,2,0.092,0.928,4,
cand,226,380,0.0152,114,6,0.093,0.849,4,47
cand,163,402,0.0236,177,4,0.094,0.942,4,
cand,1853,404,0.0177,133,5,0.417,0.847,4,
cand,17,422,0.0197,148,4,0.093,0.897,4,
cand,1854,428,0.0104,78,6,0.323,0.702,4,
cand,31,442,0.0239,179,4,0.095,0.914,4,
cand,19,471,0.0172,129,5,0.09,0.882,4,
cand,1837,476,0.0674,505,170,0.922,0.316,4,10|13|15
cand,1890,498,0.0173,130,9,0.405,0.726,4,
cand,1812,506,0.0132,99,10,0.721,0.724,4,
cand,65,520,0.0131,98,3,0.092,0.897,4,
cand,1710,527,0.0263,197,12,0.484,0.791,4,
cand,1817,529,0.0151,113,4,0.097,0.883,4,
cand,1823,531,0.0143,107,11,0.89,0.64,4,
cand,310,544,0.3646,2732,6,0.367,0.993,4,48|52
cand,1765,642,0.0105,79,6,0.095,0.846,4,
cand,1863,689,0.1066,799,16,0.928,0.91,4,
cand,1638,692,0.0208,156,6,0.095,0.882,4,
cand,1866,701,0.0172,129,5,0.297,0.842,4,
cand,1841,732,0.0355,266,39,0.924,0.552,4,
cand,1779,736,0.0136,102,5,0.095,0.821,4,23
cand,1606,765,0.0184,138,7,0.093,0.86,4,
cand,1756,813,0.0145,109,4,0.092,0.898,4,
cand,1784,818,0.0133,100,8,0.094,0.767,4,
cand,1690,826,0.0191,143,4,0.093,0.893,4,
cand,1706,825,0.0165,124,3,0.09,0.926,4,
cand,1865,841,0.0403,302,28,0.548,0.651,4,
cand,1779,884,0.0125,94,8,0.093,0.72,4,24|38|47
cand,1803,902,0.0127,95,6,0.095,0.808,4,
cand,1845,909,0.2204,1652,45,0.961,0.873,4,
cand,1,312,0.1796,1346,18,0.94,0.941,4,
dyn,941,14,0.0081,61,11,0.098,0.62,4,
dyn,859,57,0.0189,142,12,0.098,0.792,4,25|27|33|36|42
dyn,750,77,0.0116,87,10,0.094,0.767,4,9|11|29|41
dyn,898,92,0.0391,293,10,0.107,0.901,4,
dyn,723,105,0.0149,112,9,0.094,0.837,4,8|25
dyn,866,115,0.0246,184,8,0.098,0.866,4,37
dyn,749,125,0.0197,148,9,0.097,0.835,4,14|29|34
dyn,781,135,0.0274,205,10,0.098,0.85,4,20
dyn,871,144,0.0307,230,11,0.098,0.874,4,32|38
dyn,635,153,0.0193,145,7,0.094,0.859,4,
dyn,627,161,0.0183,137,9,0.093,0.851,4,
dyn,630,169,0.0197,148,9,0.093,0.848,4,
dyn,545,177,0.0189,142,8,0.092,0.864,4,
dyn,602,185,0.0231,173,5,0.093,0.917,4,
dyn,676,193,0.0239,179,5,0.093,0.903,4,
dyn,811,201,0.0248,186,8,0.097,0.868,4,
dyn,1069,209,0.0137,103,9,0.097,0.774,4,29|33
dyn,576,219,0.0116,87,10,0.09,0.721,4,12|29|45|48
dyn,560,228,0.0338,253,8,0.1,0.898,4,7
dyn,555,237,0.0215,161,5,0.093,0.917,4,
dyn,673,246,0.0139,104,4,0.09,0.863,4,
dyn,914,255,0.0192,144,7,0.097,0.837,4,
dyn,750,265,0.0145,109,7,0.092,0.795,4,41
dyn,748,277,0.0113,85,7,0.09,0.714,4,17|44
dyn,417,333,0.0101,76,8,0.091,0.747,4,33|40|43
dyn,338,156,0.0161,121,87,0.959,0.227,8,8
dyn,342,174,0.2551,1912,990,0.999,0.946,53,8|15|23|30|38|45|53
dyn,401,198,0.0157,118,11,0.261,0.811,4,
dyn,328,209,0.0188,141,8,0.094,0.848,4,12|35
dyn,341,215,0.0205,154,5,0.093,0.894,4,
dyn,349,221,0.0195,146,8,0.093,0.86,4,6
dyn,396,227,0.02,150,7,0.093,0.878,4,
dyn,354,232,0.0197,148,7,0.093,0.869,4,
dyn,281,237,0.0125,94,7,0.09,0.795,4,
dyn,388,240,0.012,90,5,0.092,0.843,4,
dyn,334,244,0.0204,153,5,0.093,0.893,4,
dyn,293,248,0.0167,125,5,0.091,0.862,4,
dyn,282,252,0.0183,137,6,0.092,0.866,4,
dyn,278,256,0.021,157,4,0.093,0.896,4,
dyn,318,260,0.0105,79,5,0.09,0.783,4,33
dyn,395,264,0.0264,198,11,0.095,0.844,4,7|27
dyn,334,269,0.0204,153,6,0.092,0.887,4,
dyn,337,274,0.0218,163,6,0.093,0.912,4,
dyn,332,279,0.0115,86,7,0.09,0.729,4,6
dyn,340,285,0.0183,137,9,0.092,0.829,4,8|16
dyn,333,291,0.0287,215,3,0.128,0.943,4,
dyn,382,297,0.0238,178,8,0.095,0.885,4,
dyn,343,307,0.0384,288,6,0.135,0.921,4,
dyn,351,321,0.0153,115,6,0.092,0.859,4,
dyn,307,342,0.0177,133,7,0.092,0.862,4,
dyn,507,173,0.0095,71,7,0.09,0.73,4,12|16|26|30|39|43
dyn,505,179,0.0125,94,7,0.09,0.795,4,43
dyn,472,183,0.0112,84,9,0.09,0.771,4,8|26|38
dyn,470,186,0.0112,84,8,0.09,0.759,4,8|39
dyn,481,189,0.0127,95,7,0.09,0.797,4,8|42
dyn,490,192,0.0135,101,7,0.091,0.799,4,
dyn,499,195,0.0144,108,6,0.091,0.803,4,
dyn,475,199,0.0119,89,7,0.09,0.795,4,41
dyn,504,202,0.0112,84,7,0.09,0.759,4,17
dyn,471,206,0.0144,108,7,0.091,0.803,4,
dyn,491,209,0.0144,108,8,0.091,0.812,4,
dyn,514,212,0.0159,119,7,0.091,0.821,4,
dyn,475,216,0.0124,93,8,0.09,0.782,4,41
dyn,483,219,0.018,135,5,0.092,0.894,4,
dyn,485,222,0.014,105,7,0.091,0.797,4,43
dyn,492,225,0.0144,108,9,0.091,0.821,4,
dyn,513,228,0.0185,139,7,0.109,0.846,4,
dyn,510,232,0.0184,138,9,0.091,0.852,4,
dyn,483,237,0.0131,98,7,0.09,0.793,4,38|42
dyn,481,242,0.0135,101,8,0.09,0.789,4,42
dyn,502,246,0.0156,117,9,0.091,0.792,4,9
dyn,501,250,0.0133,100,8,0.09,0.797,4,42
dyn,524,253,0.0167,125,7,0.091,0.813,4,44
dyn,488,258,0.0123,92,7,0.09,0.769,4,
dyn,491,270,0.0173,130,5,0.094,0.906,4,
dyn,397,176,0.0108,81,7,0.092,0.738,4,14|20|28|34|36
dyn,449,188,0.0165,124,6,0.091,0.861,4,
dyn,407,191,0.0113,85,6,0.091,0.786,4,35|39
dyn,449,193,0.018,135,7,0.092,0.864,4,
dyn,434,196,0.018,135,5,0.092,0.879,4,
dyn,409,200,0.0139,104,7,0.091,0.815,4,
dyn,435,203,0.0135,101,4,0.09,0.839,4,40
dyn,461,206,0.0133,100,7,0.091,0.807,4,40
dyn,455,210,0.0151,113,6,0.091,0.829,4,
dyn,462,214,0.0113,85,8,0.09,0.774,4,15
dyn,444,219,0.0129,97,8,0.091,0.812,4,36|41
dyn,430,224,0.0105,79,10,0.09,0.719,4,11|25|38|42|45
dyn,459,228,0.0189,142,6,0.091,0.871,4,
dyn,420,233,0.0214,160,9,0.093,0.866,4,
dyn,456,236,0.018,135,6,0.092,0.864,4,
dyn,420,240,0.0205,154,8,0.092,0.861,4,
dyn,433,243,0.0109,82,7,0.09,0.766,4,
dyn,454,246,0.0234,175,8,0.093,0.871,4,
dyn,454,250,0.0214,160,8,0.092,0.879,4,
dyn,429,255,0.0175,131,8,0.091,0.837,4,
dyn,460,260,0.021,157,8,0.092,0.876,4,
dyn,471,265,0.0242,181,4,0.093,0.909,4,
dyn,472,270,0.0231,173,4,0.093,0.911,4,
dyn,453,276,0.0136,102,5,0.091,0.821,4,41
dyn,436,293,0.0135,101,5,0.09,0.829,4,46
lamp,152,238,0.0208,156,153,0.993,0.202,40,20|40
lamp,339,176,0.2437,1826,989,0.999,0.939,53,8|15|23|30|38|45|53
lamp,519,154,0.1177,882,852,0.999,0.766,7,7|14|21|28|35|42|49
lamp,665,118,0.2506,1878,1079,1.0,0.903,7,7|14|21|28|34|41|48
lamp,784,111,0.4121,3088,1451,0.999,0.917,39,7|16|23|32|39|47
lamp,1052,115,0.0278,208,153,0.99,0.154,4,
lamp,1205,108,0.2681,2009,1147,0.999,0.871,13,6|13|19|26|32|39|45|52
lamp,1305,119,0.2968,2224,1024,0.999,0.933,22,7|15|22|29|37|44|51
